sample_id,catalog_content,image_link,price_x,declared_quantity,certifications_0,certifications_1,certifications_2,variant,target_demographic,country_of_origin,manufacturer,is_organic,is_natural,edible,is_premium,is_bundle_deal,is_limited_edition,price_y,brand_name,product_name,category,product_form,declared_unit,packaging_type,packaging_material,overall_summary
159777,"Item Name: Gold Peak Iced Tea, 18.5 Fl Oz (Pack of 12) (Green)
Value: 222.0
Unit: Fl Oz
",https://m.media-amazon.com/images/I/51DRpgk29CL.jpg,19.135,12.0,,,,18.5 Fl Oz (Pack of 12),unisex,,,,1.0,1,0,1,0,,Gold Peak,Gold Peak Green Tea,Grocery & Gourmet Food,liquid,count,bottle,plastic,"Gold Peak Green Tea is a mass-market iced tea brand positioned in the mid-range segment. The 18.5 fl oz plastic bottle packaging and 'flavored with other natural flavors' claim suggest a balance between affordability and quality. The 'Pack of 12' bundle deal indicates volume-based pricing, making it a cost-effective option for bulk purchases. The absence of premium or organic certifications aligns with its mainstream positioning."
159290,"Item Name: The V.I.P. Gourmet Gift Basket by Wine Country Gift Baskets
Bullet Point 1: EXPERIENCE THE ULTIMATE IN GIFT BASKET GIVING: This is the gift to send to show appreciation the whole year through.
Bullet Point 2: BRIMMING WITH GOURMET FOOD: Brimming with sweet and savory snacks like dark chocolate crepes, coconut cookies, Godiva dark chocolate ganache hearts and more
Bullet Point 3: ELEVATE YOUR GIFT GIVING GAME: The V.I.P is a meticulously curated selection of delights. This sumptuous offering features a delectable array of treats, including the classic crunch of Virginia peanuts, the sweet and nutty allure of cranberry sesame cookies, and the sophisticated charm of basil thyme artichoke snacks. To satisfy your chocolate cravings, we've included the velvety perfection of Lindt and Godiva milk chocolate truffles.
Bullet Point 4: FREE PERSONALIZED GIFT MESSAGE: Personalized Messages are also available to share your customized sentiments for every situation that can arise. This heart-warming option has been included to allow you to share your custom created message with your gift recipient
Bullet Point 5: PRIME PRESENTATION: The Ultimate in Gifting. We have taken gift-giving to a complete new level. Each detail in the package is designed to make your gift-giving even more thrilling and extra delicious. Our beautiful presentation will make this gift a memorable one
Bullet Point 6: 30+ YEARS OF SENDING GIFTS: Wine Country Gift Baskets is a high quality brand that your loved one or friends will appreciate; our gift baskets are hand assembled and include some of the top brand named ingredients that we know you'll love
Bullet Point 7: Overflowing with an exquisite selection of handpicked culinary treasures, this basket is designed to delight every palate. From artisanal cheeses and fine chocolates to savory charcuterie and delectable sweets, our generous offering caters to discerning tastes. Whether it's a celebration, a special occasion, or a heartfelt gesture, this luxurious gourmet food gift basket is the epitome of culinary opulence. With its impressive size and carefully curated selection, it's the perfect choice for mak
Product Description: It doesn't get much better than The VIP. Overflowing with sweet and savory snacks like dark chocolate crepes, coconut cookies, Godiva dark chocolate ganache hearts, assorted Belgian chocolate, cracked pepper crackers, olive tapenade, smoked Gouda cheese spread, a large Ghirardelli dark chocolate salted caramel bar, lemon cakes, vanilla fudge with sea salt, Lindt truffles and much more to make this gift standout. Gift Size: 28"" x 9"" x 14"" Item 530
Value: 1.0
Unit: Count
",https://m.media-amazon.com/images/I/91+vr21ZLUL.jpg,150.0,1.0,,,,,adult,,,,,1,1,1,0,,Wine Country Gift Baskets,The V.I.P. Gourmet Gift Basket,Grocery & Gourmet Food,,count,basket,mixed,"Luxury gifting product with premium branding and high-end ingredients. Large size and meticulous presentation justify premium pricing. Includes top-tier chocolates, artisanal snacks, and gourmet foods, positioning it as a high-value gift basket."
279203,"Item Name: Eden Organic Navy Beans/White Beans, 15 oz Can (12-Pack), No Salt, Non-GMO, Gluten Free, Vegan, Kosher, U.S. Grown, Heat and Serve, Macrobiotic, Boston Bean
Bullet Point 1: USA family farm organically grown
Bullet Point 2: Bisphenol-A free can lining
Bullet Point 3: Soaked overnight and expertly cooked
Bullet Point 4: No salt added
Bullet Point 5: Kosher and pareve
Value: 180.0
Unit: Ounce
",https://m.media-amazon.com/images/I/81bxUd4bemL.jpg,3.69,180.0,Non-GMO Verified,Gluten Free,Kosher,15 oz Can (12-Pack),unisex,USA,,1.0,,1,1,1,0,,Eden,Organic Navy Beans/White Beans,Grocery & Gourmet Food,Whole Bean,oz,can,metal,"Premium organic beans with multiple certifications, indicating higher quality and health-conscious positioning. Metal can packaging with BPA-free lining suggests durability and safety. Bundle deal of 12 cans offers bulk value, while 'no salt added' and 'vegan' labels appeal to specific dietary preferences. Brand trust and organic sourcing justify a mid-to-high price point."
147539,"Item Name: Keurig 5000057588 Rinse Brews in Both Classic 1.0 and Plus 2.0 Series K-Cup Pod Coffee Makers, 10 Count, White
Bullet Point 1: BETTER TASTING BEVERAGES: reduces flavor carry-over between brews
Bullet Point 2: QUICKEST WAY TO CLEAN YOUR K-Cup pod holder: rinse away residue and oils that can build up in your coffee maker
Bullet Point 3: EASY TO USE: use just like you would a regular K-Cup pod
Bullet Point 4: SAFE AND EFFECTIVE: gentle and odorless formula
Bullet Point 5: USE WEEKLY: or any time after brewing a flavored coffee, cocoa, or tea
Value: 10.0
Unit: Count
",https://m.media-amazon.com/images/I/81wZOTV4CqL.jpg,8.79,10.0,,,,10 Count,unisex,,,,,0,0,0,0,,Keurig,Keurig Rinse Pods,Home & Kitchen,Capsule,count,box,cardboard,"Keurig Rinse Pods are a maintenance accessory for Keurig coffee makers, designed to improve beverage taste by reducing flavor carry-over. The product is positioned as a practical, non-premium accessory with a focus on functionality and ease of use. The packaging is standard cardboard, and the product is priced based on utility rather than premium features."
163661,"Item Name: Torani Sugar Free Syrup, Chocolate Macadamia Nut, 25.4 Ounces (Pack of 4)
Bullet Point 1: SUGAR FREE IRISH CREAM SYRUP: Get that smooth, creamy coffee, vanilla-kissed taste. Sweet and calorie-free. Perfect for beverages & great as a dessert topping!
Bullet Point 2: SKIP THE EXTRA CALORIES: Enjoy the flavor without all the calories with our naturally fat-free Sugar Free line of syrups. Perfect for drinks, desserts & other treats.
Value: 101.6
Unit: Fl Oz
",https://m.media-amazon.com/images/I/91MkUT-ntWL.jpg,27.48,101.6,,,,25.4 Ounces (Pack of 4),unisex,,,,1.0,1,1,1,0,,Torani,"Sugar Free Syrup, Chocolate Macadamia Nut",Grocery & Gourmet Food,liquid,fl_oz,bottle,glass,"Premium sugar-free syrup with a rich chocolate macadamia nut flavor, positioned as a high-quality, calorie-free alternative for beverages and desserts. The bundle deal of four 25.4 fl oz bottles offers significant quantity-to-price value, while the brand's heritage and premium packaging suggest a mid-to-high price point."
257267,"Item Name: Cocomels Coconut Milk Caramels - Organic, Kosher, NON-GMO, Vegan - Made Without Dairy - Original 2 Pack
Value: 7.0
Unit: Ounce
",https://m.media-amazon.com/images/I/91qJ8t7X18L.jpg,5.06,3.5,USDA Organic,,,Original,unisex,,,1.0,,1,0,1,0,,Cocomels,Coconut Milk Caramels,Grocery & Gourmet Food,solid,oz,bag,plastic,"Organic, non-GMO, and gluten-free caramels positioned as a premium alternative to conventional candies. The 'made without dairy' and vegan claims appeal to health-conscious and plant-based consumers. Packaging highlights organic certification and ethical sourcing, justifying a mid-to-high price point compared to standard candies."
36950,"Item Name: Pop Secret Homestyle 6 pk Microwave Popcorn 21 oz
Bullet Point 1: Natural and artificial flavor.
Bullet Point 2: Microwave. kosher dairy.
Bullet Point 3: Made with a sprinkle of salt and a taste of butter.
Product Description: Pop Secret Homestyle 6 pk Microwave Popcorn 21 oz
Value: 126.0
Unit: Oz
",https://m.media-amazon.com/images/I/31VKAq3jGSL.jpg,42.83,21.0,Kosher Dairy,,,6 pack,unisex,,,,,1,0,1,0,,Pop Secret,Homestyle Microwave Popcorn,Grocery & Gourmet Food,granule,oz,box,cardboard,"Standard microwave popcorn in a multipack format, positioned as an everyday snack. No premium or organic claims, with basic flavor and packaging. Kosher dairy certification adds a niche appeal but does not indicate a price premium. Value-driven bundle with straightforward butter and salt flavor profile."
27964,"Item Name: Xyloburst Blister Pack Xylitol Gum, Cinnamon, 12 Count
Bullet Point 1: All Natural, Non-GMO
Bullet Point 2: 40% MORE Xylitol than other brands
Bullet Point 3: Sugar-Free, No Aspartame
Bullet Point 4: Safe for Diabetics
Bullet Point 5: Gluten-Free
Value: 12.0
Unit: count
",https://m.media-amazon.com/images/I/61NBO+x+vcL.jpg,2.15,12.0,,,,Cinnamon,unisex,,,,1.0,1,0,0,0,,Xyloburst,Xyloburst Blister Pack Xylitol Gum,Grocery & Gourmet Food,solid,count,other,plastic,Sugar-free chewing gum positioned as a health-conscious alternative with natural ingredients and higher xylitol content. Mid-range pricing likely due to specialized sweetener and health claims. Standard blister pack packaging with no premium indicators.
102051,"Item Name: Kellogg's Pop-Tarts Unfrosted - Toaster Pastries Breakfast for Kids, 16 Count, 27 oz (Unfrosted Blueberry)
Value: 27.0
Unit: Ounce
",https://m.media-amazon.com/images/I/81kOwNC7gGL.jpg,9.145,27.0,,,,Unfrosted Blueberry,kids,,,,,1,0,1,0,,Kellogg's,Pop-Tarts Unfrosted Blueberry Toaster Pastries,Grocery & Gourmet Food,solid,oz,box,cardboard,"Kellogg's Pop-Tarts Unfrosted Blueberry is a value-pack breakfast item targeted at kids, offering 16 pastries in a 27 oz cardboard box. The product is positioned as a budget-friendly, convenient breakfast option with no premium or organic claims. The 'Value Pack' labeling emphasizes cost efficiency, and the standard packaging suggests mass-market appeal."
6354,"Item Name: Taster's Choice Original Gourmet Instant Coffee 14 Oz, Pack of 4
Product Description: Number of Servings : 210 per pack || Storage Instructions : Store in a cool dry place || Preparation Method : 6 fl oz/1 tsp; 8 fl oz/1 heaping tsp
Value: 56.0
Unit: Ounce
",https://m.media-amazon.com/images/I/61p69y6g-BL.jpg,18.9,14.0,,,,Original Gourmet,adult,,,,,1,0,1,0,,Nescafe,Taster's Choice House Blend,Grocery & Gourmet Food,powder,oz,jar,plastic,"Mid-tier instant coffee brand with a focus on convenience and affordability. Standard plastic jar packaging with a resealable lid suggests practicality for everyday use. The 'House Blend' positioning and 210 servings per pack indicate a value-oriented product targeting regular coffee drinkers. No premium, organic, or specialty claims are visible, aligning with a mainstream price segment."
